PagePath, TagName
Beta/BetaAction.md, Beta.BetaAction.AskBeta
Beta/BetaAction.md, Beta.BetaAction.ChunkBeta.BetaChunk
Beta/BetaAction.md, Beta.BetaAction.GetBeta
Beta/BetaAction.md, Beta.BetaAction.GiveBeta
Beta/BetaAction.md, Beta.BetaAction.LinkBeta
Beta/BetaAction.md, Beta.BetaAction.MimeBeta
Beta/BetaAction.md, Beta.BetaAction.Overview
Beta/BetaAction.md, Beta.BetaAction.PerformBeta
Beta/BetaAction.md, Beta.BetaAction.RecordBeta
Beta/BetaAction.md, Beta.BetaAction.TestBeta
Beta/BetaDiagram.md, Beta.BetaDiagram
Beta/BetaDiagram.md, Beta.BetaDiagram.POV.BackView
Beta/BetaDiagram.md, Beta.BetaDiagram.POV.CloseUpView
Beta/BetaDiagram.md, Beta.BetaDiagram.POV.CrossSectionView
Beta/BetaDiagram.md, Beta.BetaDiagram.POV.FromAboveView
Beta/BetaDiagram.md, Beta.BetaDiagram.POV.FromBelowView
Beta/BetaDiagram.md, Beta.BetaDiagram.POV.FromLandView
Beta/BetaDiagram.md, Beta.BetaDiagram.POV.FrontView
Beta/BetaDiagram.md, Beta.BetaDiagram.POV.HeadlessView
Beta/BetaDiagram.md, Beta.BetaDiagram.POV.IsometricView
Beta/BetaDiagram.md, Beta.BetaDiagram.POV.LongView
Beta/BetaDiagram.md, Beta.BetaDiagram.POV.MagnifiedView
Beta/BetaDiagram.md, Beta.BetaDiagram.POV.MediumView
Beta/BetaDiagram.md, Beta.BetaDiagram.POV.OrthographicView
Beta/BetaDiagram.md, Beta.BetaDiagram.POV.PanoramaView
Beta/BetaDiagram.md, Beta.BetaDiagram.POV.SideView
Beta/BetaDiagram.md, Beta.BetaDiagram.POV.TopView
Beta/BetaDifficulty/Overview, Beta.BetaDifficulty.BetaComplexity
Beta/BetaDifficulty/Overview, Beta.BetaDifficulty.BetaIntensity
Beta/BetaDifficulty/Overview, Beta.BetaDifficulty.BetaRisk
Beta/BetaDifficulty/Overview, Beta.BetaDifficulty.Overview
Beta/BetaDifficulty/Overview, Beta.Difficulty.DifficultyScore
Beta/BetaDifficulty/Overview, Beta.Difficulty.DifficultyScore.TotalDifficulty
Beta/BetaDifficulty/Overview, Beta.Difficulty.DifficultyScoreChart
Beta/BetaDifficulty/Overview, Dev.Difficulty.Complexity
Beta/BetaDifficulty/Overview, Dev.Difficulty.DifficultyChart
Beta/BetaDifficulty/Overview, Dev.Difficulty.DifficultyComparison
Beta/BetaDifficulty/Overview, Dev.Difficulty.Fraction
Beta/BetaDifficulty/Overview, Dev.Difficulty.Fraction.2
Beta/BetaDifficulty/Overview, Dev.Difficulty.Fraction.3
Beta/BetaDifficulty/Overview, Dev.Difficulty.Fraction.5
Beta/BetaDifficulty/Overview, Dev.Difficulty.Intensity
Beta/BetaDifficulty/Overview, Dev.Difficulty.RelativeDifficulty
Beta/BetaDifficulty/Overview, Dev.Difficulty.Risk
Beta/BetaExamples.md, Beta.BetaExamples
Beta/BetaExamples.md, Beta.BetaExamples.BetaQuote
Beta/BetaExamples.md, Beta.BetaVideo
Beta/WhatBeta.md, Beta.BetaEvent
Beta/WhatBeta.md, Beta.BetaInstance
Beta/WhatBeta.md, Beta.BetaInstance.BetaInstanceComparison
Beta/WhatBeta.md, Beta.BetaName
Beta/WhatBeta.md, Beta.BetaAttributes.BetaAccuracy
Beta/WhatBeta.md, Beta.BetaAttributes.BetaPrecision
Beta/WhatBeta.md, Beta.BetaAttributes.BetaType
Beta/WhatBeta.md, Beta.BetaAttributes.ElementCount
Beta/WhatBeta.md, Beta.BetaAttributes.SubsystemCount
Beta/WhatBeta.md, Beta.BetaQuestion
Beta/WhatBeta.md, Beta.Overview
dev/art/Overview.md, Dev.Sculpture
dev/Contribute.md, Dev.Donation
dev/Contribute.md, Dev.Feedback
dev/DevOverview.md, Dev.Overview
dev/DevOverview.md, Dev.PlantaBeta.SeedIdea
dev/DevOverview.md, Dev.Youtube
dev/Downloads.md, Dev.Downloads
dev/DX.md, Dev.DesignProcess
dev/DX.md, Dev.DesignProcess.Attencide
dev/DX.md, Dev.DesignProcess.DataCollection
dev/DX.md, Dev.DesignProcess.DataMining
dev/DX.md, Dev.DesignProcess.Delegation
dev/DX.md, Dev.DesignProcess.ExpandIdea
dev/DX.md, Dev.DesignProcess.Feedback.CaptiveAudience
dev/DX.md, Dev.DesignProcess.Feedback.Overview
dev/DX.md, Dev.DesignProcess.Observation
dev/DX.md, Dev.DesignProcess.PaperMine
dev/DX.md, Dev.DesignProcess.RefinementRequiresExcess
dev/DX.md, Dev.DesignProcess.RoughSketch
dev/DX.md, Dev.DesignProcess.SeedIdea
dev/DX.md, Dev.DesignProcess.SimplifyIdea
dev/DX.md, Dev.DesignProcess.StartWithEasy
dev/DX.md, Dev.DesignProcess.Testing
dev/DX.md, Dev.SheetInking
dev/BetaGraph.md, Dev.Element.ElementCard.Analogy.AOE3
dev/BetaGraph.md, Dev.Element.ElementCard.Comparison(ElementCards)
dev/BetaGraph.md, Dev.Element.ElementComposition
dev/BetaGraph.md, Dev.Element.ElementDescription
dev/BetaGraph.md, Dev.Pictogram
dev/BetaGraph.md, Dev.Pictogram.PictogramComparison
dev/BetaGraph.md, Dev.VennDiagram
dev/BetaGraph.md, BetaGraph
dev/BetaGraph.md, BetaGraph.ColorCode
dev/BetaGraph.md, BetaGraph.ColorCode.Highlight
dev/BetaGraph.md, BetaGraph.DirectRelationship
dev/BetaGraph.md, BetaGraph.EkosystemMap
dev/BetaGraph.md, BetaGraph.EkosystemMapPie
dev/BetaGraph.md, BetaGraph.EkosystemMapPie.CentralElement
dev/BetaGraph.md, BetaGraph.EkosystemMapPie.ConcentricRings
dev/BetaGraph.md, BetaGraph.EkosystemMapPie.ConcentricRings.RingLabel
dev/BetaGraph.md, BetaGraph.EkosystemMapPie.PieSection
dev/BetaGraph.md, BetaGraph.ElementAction
dev/BetaGraph.md, BetaGraph.ElementAction.Enable
dev/BetaGraph.md, BetaGraph.ElementAction.Produce
dev/BetaGraph.md, BetaGraph.ElementDependencies
dev/BetaGraph.md, BetaGraph.ElementImportance
dev/BetaGraph.md, BetaGraph.ElementImportance.DegreeOfInfluence
dev/BetaGraph.md, BetaGraph.ElementRole
dev/BetaGraph.md, BetaGraph.ElementValue
dev/BetaGraph.md, BetaGraph.ElementValue.CreateValue
dev/BetaGraph.md, BetaGraph.ElementValue.EkosystemValueProposition
dev/BetaGraph.md, BetaGraph.ElementValue.ElementEvaluation
dev/BetaGraph.md, BetaGraph.ElementValue.ElementValueChain
dev/BetaGraph.md, BetaGraph.ElementValue.ElementValueExchange
dev/BetaGraph.md, BetaGraph.ElementValue.ElementValuePictogram
dev/BetaGraph.md, BetaGraph.ElementValue.ElementValueType.AvoidsHassles
dev/BetaGraph.md, BetaGraph.ElementValue.ElementValueType.Connects
dev/BetaGraph.md, BetaGraph.ElementValue.ElementValueType.Informs
dev/BetaGraph.md, BetaGraph.ElementValue.ElementValueType.Integrates
dev/BetaGraph.md, BetaGraph.ElementValue.ElementValueType.MakeMoney
dev/BetaGraph.md, BetaGraph.ElementValue.ElementValueType.Motivation
dev/BetaGraph.md, BetaGraph.ElementValue.ElementValueType.Organizes
dev/BetaGraph.md, BetaGraph.ElementValue.ElementValueType.ProvidesAccess
dev/BetaGraph.md, BetaGraph.ElementValue.ElementValueType.Quality
dev/BetaGraph.md, BetaGraph.ElementValue.ElementValueType.ReducesCost
dev/BetaGraph.md, BetaGraph.ElementValue.ElementValueType.ReducesEffort
dev/BetaGraph.md, BetaGraph.ElementValue.ElementValueType.ReducesRisk
dev/BetaGraph.md, BetaGraph.ElementValue.ElementValueType.SavesTime
dev/BetaGraph.md, BetaGraph.ElementValue.ElementValueType.SensoryAppeal
dev/BetaGraph.md, BetaGraph.ElementValue.ElementValueType.Simplifies
dev/BetaGraph.md, BetaGraph.ElementValue.ElementValueType.Variety
dev/BetaGraph.md, BetaGraph.ElementValue.ValueAddition
dev/BetaGraph.md, BetaGraph.ElementValue.ValueCapture
dev/BetaGraph.md, BetaGraph.Hardware.Screen
dev/BetaGraph.md, BetaGraph.Hardware.Whiteboard
dev/BetaGraph.md, BetaGraph.LevelOfComplexity
dev/BetaGraph.md, BetaGraph.MetroMap
dev/BetaGraph.md, BetaGraph.NodeSize
dev/BetaGraph.md, BetaGraph.PostIt
dev/BetaGraph.md, BetaGraph.Frase
dev/BetaGraph.md, BetaGraph.Frase.ContiguousElement
dev/BetaGraph.md, BetaGraph.Frase.FinishElement
dev/BetaGraph.md, BetaGraph.Frase.InfraElement
dev/BetaGraph.md, BetaGraph.Frase.ReorderFrase
dev/BetaGraph.md, BetaGraph.Frase.FraseInsertion
dev/BetaGraph.md, BetaGraph.Frase.FrasePop
dev/BetaGraph.md, BetaGraph.Frase.FrasePush
dev/BetaGraph.md, BetaGraph.Frase.FraseSplice
dev/BetaGraph.md, BetaGraph.Frase.StartElement
dev/BetaGraph.md, BetaGraph.StakeholderMap
dev/BetaGraph.md, BetaGraph.Symbols
dev/BetaGraph.md, BetaGraph.Timeline
dev/Graphics/BetaGraphic/Overview.md, Beta.BetaCard
dev/Graphics/BetaGraphic/Overview.md, Beta.BetaTimeline
dev/Graphics/EcoGraphic.md, Eko.EkoCard
dev/Graphics/EcoGraphic.md, Eko.EkoDiagram.CacheDiagram.CacheSize
dev/Graphics/EcoGraphic.md, Eko.EkoDiagram.CacheDiagram.ColorCode
dev/Graphics/EcoGraphic.md, Eko.EkoDiagram.CacheDiagram.Hatching
dev/Graphics/EcoGraphic.md, Eko.EkoDiagram.CacheDiagram.LevelOfDetail
dev/Graphics/EcoGraphic.md, Eko.EkoDiagram.CacheDiagram.Overview
dev/Graphics/EcoGraphic.md, Eko.EkoDiagram.Line.ContourLine
dev/Graphics/EcoGraphic.md, Eko.EkoDiagram.ObstacleDiagram.ColorCode
dev/Graphics/EcoGraphic.md, Eko.EkoDiagram.ObstacleDiagram.Hatching
dev/Graphics/EcoGraphic.md, Eko.EkoDiagram.ObstacleDiagram.LevelOfDetail
dev/Graphics/EcoGraphic.md, Eko.EkoDiagram.ObstacleDiagram.Overview
dev/Graphics/EcoGraphic.md, Eko.EkoDiagram.Overview
dev/Graphics/EcoGraphic.md, Eko.EkoDiagram.PlotDiagram
dev/Graphics/EcoGraphic.md, Eko.EkoDiagram.TreeSilhouette
dev/Graphics/MoveGraphic.md, Move.MoveCard
dev/Graphics/MoveGraphic.md, Move.MoveDecomposition
dev/Graphics/MoveGraphic.md, Move.MoveDiagram.MoveTimeline
dev/Graphics/MoveGraphic.md, Move.MoveDiagram.OrthographicDiagram
dev/Graphics/MoveGraphic.md, Move.MoveDiagram.Overview
dev/Graphics/MoveGraphic.md, Move.MoveDiagram.Stickfigure
dev/Graphics/MoveGraphic.md, Move.MoveGif
dev/Graphics/MoveGraphic.md, Move.MoveLine
dev/Graphics/MoveGraphic.md, Move.MoveLine.CenterOfMassLine
dev/Graphics/MoveGraphic.md, Move.MoveLine.MoveDisplacementLine
dev/Graphics/MoveGraphic.md, Move.MoveLine.MoveDistanceLine
dev/Graphics/MoveGraphic.md, Move.MoveLine.MoveMirrorLine
dev/Graphics/MoveGraphic.md, Move.MoveLine.Overview
dev/Graphics/MoveGraphic.md, Move.MovePhoto
dev/Graphics/MoveGraphic.md, Move.PlantorDiagram
dev/Graphics/MoveGraphic.md, Move.PlantorDiagram.LevelOfDetail
dev/Graphics/NeuroGraphic.md, Dev.NeuroDiagram.NeuroTimeline
dev/Graphics/NeuroGraphic.md, Psike.NeuroCard
dev/Graphics/Overview.md, Dev.Element.ElementCard
dev/Graphics/Overview.md, Dev.Element.ElementDiagram.AnglePie
dev/Graphics/Overview.md, Dev.Element.ElementDiagram.Arrow
dev/Graphics/Overview.md, Dev.Element.ElementDiagram.ColorCode
dev/Graphics/Overview.md, Dev.Element.ElementDiagram.ConnectorLine
dev/Graphics/Overview.md, Dev.Element.ElementDiagram.ConnectorLine.ConnectorLineLabel
dev/Graphics/Overview.md, Dev.Element.ElementDiagram.ConnectorLine.GlialCell.CircleGlialCell
dev/Graphics/Overview.md, Dev.Element.ElementDiagram.ConnectorLine.GlialCell.SquareGlialCell
dev/Graphics/Overview.md, Dev.Element.ElementDiagram.ConnectorLine.GlialCell.TriangleGlialCell
dev/Graphics/Overview.md, Dev.Element.ElementDiagram.ConnectorLine.LinePattern
dev/Graphics/Overview.md, Dev.Element.ElementDiagram.ConnectorLine.LineThickness
dev/Graphics/Overview.md, Dev.Element.ElementDiagram.ElementArrow
dev/Graphics/Overview.md, Dev.Element.ElementDiagram.ElementDiagramError.Floating
dev/Graphics/Overview.md, Dev.Element.ElementDiagram.ElementDiagramError.FraseNumberLabelError
dev/Graphics/Overview.md, Dev.Element.ElementDiagram.ElementLine.ElementLineHighlight
dev/Graphics/Overview.md, Dev.Element.ElementDiagram.ElementTreeDiagram.ElementHierarchy.Overview
dev/Graphics/Overview.md, Dev.Element.ElementDiagram.ElementTreeDiagram.ElementHierarchy.SiblingElement
dev/Graphics/Overview.md, Dev.Element.ElementDiagram.ElementTreeDiagram.ElementHierarchy.SubElement
dev/Graphics/Overview.md, Dev.Element.ElementDiagram.ElementTreeDiagram.ElementHierarchy.SuperElement
dev/Graphics/Overview.md, Dev.Element.ElementDiagram.Hatching
dev/Graphics/Overview.md, Dev.Element.ElementDiagram.Labels
dev/Graphics/Overview.md, Dev.Element.ElementDiagram.Labels.ArrowLabel
dev/Graphics/Overview.md, Dev.Element.ElementDiagram.Labels.Lasso
dev/Graphics/Overview.md, Dev.Element.ElementDiagram.Labels.NumberLabel
dev/Graphics/Overview.md, Dev.Element.ElementDiagram.Labels.NumberLabel.FraseNumberLabel
dev/Graphics/Overview.md, Dev.Element.ElementDiagram.Labels.PictogramLabel
dev/Graphics/Overview.md, Dev.Element.ElementDiagram.Labels.TextLabel
dev/Graphics/Overview.md, Dev.Element.ElementDiagram.Labels.TextLabel.AbbreviatedTextLabel
dev/Graphics/Overview.md, Dev.Element.ElementDiagram.Labels.TextLabel.LandLabel
dev/Graphics/Overview.md, Dev.Element.ElementDiagram.Labels.TextLabel.MoveLabel
dev/Graphics/Overview.md, Dev.Element.ElementDiagram.Labels.TextLabel.ViaLineLabel
dev/Graphics/Overview.md, Dev.Element.ElementDiagram.LevelOfDetail
dev/Graphics/Overview.md, Dev.Element.ElementDiagram.Line.ConstructionLine
dev/Graphics/Overview.md, Dev.Element.ElementDiagram.Line.Overview
dev/Graphics/Overview.md, Dev.Element.ElementDiagram.Line.ProducedLine
dev/Graphics/Overview.md, Dev.Element.ElementDiagram.LineThickness
dev/Graphics/Overview.md, Dev.Element.ElementDiagram.Overview
dev/Graphics/Overview.md, Dev.Element.ElementDiagram.Scale
dev/Graphics/Overview.md, Dev.Element.ElementDiagram.Symbols
dev/Graphics/Overview.md, Dev.Element.ElementFrequency
dev/Graphics/Overview.md, Dev.Element.ElementGroup
dev/Graphics/Overview.md, Dev.Element.ElementPage
dev/Graphics/Overview.md, Dev.Element.ElementPictogram
dev/Graphics/Overview.md, Dev.Element.ElementAttributes
dev/Graphics/Overview.md, Dev.Element.ElementFrase
dev/Graphics/Overview.md, Dev.Element.ElementTimeline
dev/Graphics/Overview.md, Dev.Element.ElementTimeline.EinsteinSpaghetti
dev/Graphics/Overview.md, Dev.Element.ElementVariation
dev/Graphics/Overview.md, Dev.Element.Overview
dev/Graphics/Overview.md, Dev.Infographic
dev/Graphics/Overview.md, Dev.Infographic.Chart
dev/Graphics/Overview.md, Dev.Infographic.Checklist
dev/Graphics/Overview.md, Dev.Infographic.Collage
dev/Graphics/Overview.md, Dev.Infographic.ExplodedView
dev/Graphics/Overview.md, Dev.Infographic.FlowChart
dev/Graphics/Overview.md, Dev.Infographic.FlowChart.DecisionChart
dev/Graphics/Overview.md, Dev.Infographic.GridView.ElementGridView
dev/Graphics/Overview.md, Dev.Infographic.HistoryOfInformationGraphics.316
dev/Graphics/Overview.md, Dev.Infographic.HistoryOfInformationGraphics.336
dev/Graphics/Overview.md, Dev.Infographic.HistoryOfInformationGraphics.385
dev/Graphics/Overview.md, Dev.Infographic.HistoryOfInformationGraphics.402
dev/Graphics/Overview.md, Dev.Infographic.HistoryOfInformationGraphics.Overview
dev/Graphics/Overview.md, Dev.Infographic.List
dev/Graphics/Overview.md, Dev.Infographic.NightingaleChart
dev/Graphics/Overview.md, Dev.Infographic.PeriodicTable
dev/Graphics/Overview.md, Dev.Infographic.PieChart
dev/Graphics/Overview.md, Dev.Infographic.RankingChart
dev/Graphics/Overview.md, Dev.Infographic.Storyboard
dev/Graphics/Overview.md, Dev.Infographic.Sunburst
dev/Graphics/Overview.md, Dev.Infographic.Table
dev/Graphics/Overview.md, Dev.Infographic.Table.JoinTable
dev/Graphics/Overview.md, Dev.Infographic.TreeView
dev/Graphics/Overview.md, Dev.Infographic.TreeView.BranchHighlight
dev/Graphics/Overview.md, Dev.Infographic.TreeView.DirectedTreeView
dev/Graphics/Overview.md, Dev.Infographic.TreeView.NestedChart.NestedTreeView
dev/Graphics/Overview.md, Dev.Infographic.TreeView.NodeHighlight
dev/Graphics/Overview.md, Dev.Infographic.TreeView.NotDirectedTreeView
dev/Graphics/Overview.md, Dev.Infographic.TreeView.TreeChunk
dev/Graphics/Overview.md, Dev.Infographic.TreeView.TreeViewOverlap
dev/Graphics/Overview.md, Dev.Infographic.VoronoiDiagram
dev/Graphics/Overview.md, Dev.Infographic.Web
dev/Graphics/Overview.md, Dev.Poster
dev/Graphics/Overview.md, Dev.Scroll
dev/Graphics/Overview.md, Via.LandInfluenceVia.Overview
dev/Graphics/ViaGraphic.md, Via.ViaCard
dev/Graphics/ViaGraphic.md, Via.ViaDiagram.Overview
dev/Graphics/ViaGraphic.md, Via.ViaDiagram.ViaDirectedLine
dev/Graphics/ViaGraphic.md, Via.ViaDiagram.ViaNotDirectedLine
dev/Graphics/ViaGraphic.md, Via.ViaDiagram.Contact.ContactHighlight
dev/Graphics/ViaGraphic.md, Via.ViaDiagram.ViaTimeline
dev/OpenSource.md, Dev.Voss
dev/OpenSource.md, Sponsor.Kickstarter
dev/OpenSource.md, Sponsor.Kickstarter.ProjectVideo
dev/OpenSource.md, Sponsor.Kickstarter.Risk
dev/OpenSource.md, Sponsor.Overview
dev/OpenSource.md, Sponsor.Patreon
dev/OpenSource.md, Sponsor.Promotion.Instagram.StoryIdea
dev/OpenSource.md, Sponsor.Promotion.InstagramStoryIdea.()OfTheDay
dev/OpenSource.md, Sponsor.Promotion.InstagramStoryIdea.()OfTheMonth
dev/OpenSource.md, Sponsor.Promotion.InstagramStoryIdea.()OfTheSeason
dev/OpenSource.md, Sponsor.Promotion.InstagramStoryIdea.()OfTheWeek
dev/OpenSource.md, Sponsor.Promotion.Video.MusicVideo
dev/PythonPlantor.md, Dev.System
dev/PythonPlantor.md, Dev.System.Axiom
dev/PythonPlantor.md, Dev.System.Byrne
dev/PythonPlantor.md, Dev.System.Byrne.b1d2
dev/PythonPlantor.md, Dev.System.DataType
dev/PythonPlantor.md, Dev.System.DeductiveSystem
dev/PythonPlantor.md, Dev.System.Definitions
dev/PythonPlantor.md, Dev.System.Definitions.Differentiation
dev/PythonPlantor.md, Dev.System.Expression
dev/PythonPlantor.md, Dev.System.Function
dev/PythonPlantor.md, Dev.System.Logic.MutuallyExclusive
dev/PythonPlantor.md, Dev.System.Model
dev/PythonPlantor.md, Dev.System.Model.GeometricModel
dev/PythonPlantor.md, Dev.System.Model.MentalModel
dev/PythonPlantor.md, Dev.System.Model.NumberModel
dev/PythonPlantor.md, Dev.System.Object
dev/PythonPlantor.md, Dev.System.Postulate
dev/PythonPlantor.md, Dev.System.Problem
dev/PythonPlantor.md, Dev.System.SetTheory
dev/PythonPlantor.md, Dev.System.State
dev/PythonPlantor.md, Dev.System.Syntax
dev/PythonPlantor.md, Dev.System.Syntax.ElementHierarchySyntax
dev/PythonPlantor.md, Dev.System.Syntax.FunctionSyntax
dev/PythonPlantor.md, Dev.System.Syntax.Punctuation
dev/PythonPlantor.md, Dev.System.Syntax.Punctuation.AND
dev/PythonPlantor.md, Dev.System.Syntax.Punctuation.Colon
dev/PythonPlantor.md, Dev.System.Syntax.Punctuation.CurlyBraces
dev/PythonPlantor.md, Dev.System.Syntax.Punctuation.DoubleQuotes
dev/PythonPlantor.md, Dev.System.Syntax.Punctuation.ELSE
dev/PythonPlantor.md, Dev.System.Syntax.Punctuation.ELSEIF
dev/PythonPlantor.md, Dev.System.Syntax.Punctuation.Equal
dev/PythonPlantor.md, Dev.System.Syntax.Punctuation.ExclamationPoint
dev/PythonPlantor.md, Dev.System.Syntax.Punctuation.IF
dev/PythonPlantor.md, Dev.System.Syntax.Punctuation.OR
dev/PythonPlantor.md, Dev.System.Syntax.Punctuation.Parentheses
dev/PythonPlantor.md, Dev.System.Syntax.Punctuation.Period
dev/PythonPlantor.md, Dev.System.Syntax.Punctuation.PlusSign
dev/PythonPlantor.md, Dev.System.Syntax.Punctuation.SemiColon
dev/PythonPlantor.md, Dev.System.Syntax.Punctuation.SingleQuotes
dev/PythonPlantor.md, Dev.System.Syntax.Punctuation.SquareBraces
dev/PythonPlantor.md, Dev.System.Syntax.Punctuation.Wildcard
dev/PythonPlantor.md, Dev.System.Theorem
dev/PythonPlantor.md, Dev.System.Value
dev/ResearchQuestions.md, Dev.Interdisciplinary
dev/ResearchQuestions.md, Dev.Interdisciplinary.Analogy
dev/ResearchQuestions.md, Dev.Interdisciplinary.BenderAvatar
dev/ResearchQuestions.md, Dev.Interdisciplinary.Biology
dev/ResearchQuestions.md, Dev.Interdisciplinary.Chemistry
dev/ResearchQuestions.md, Dev.Interdisciplinary.Chess
dev/ResearchQuestions.md, Dev.Interdisciplinary.Climbing
dev/ResearchQuestions.md, Dev.Interdisciplinary.Climbing.Udini
dev/ResearchQuestions.md, Dev.Interdisciplinary.Dance
dev/ResearchQuestions.md, Dev.Interdisciplinary.Gaming
dev/ResearchQuestions.md, Dev.Interdisciplinary.Geology
dev/ResearchQuestions.md, Dev.Interdisciplinary.Gymnastics
dev/ResearchQuestions.md, Dev.Interdisciplinary.Music
dev/ResearchQuestions.md, Dev.Interdisciplinary.Music.Rhythm
dev/ResearchQuestions.md, Dev.Interdisciplinary.Music.SongStructure
dev/ResearchQuestions.md, Dev.Interdisciplinary.Parkour
dev/ResearchQuestions.md, Dev.Interdisciplinary.Skateboarding
dev/ResearchQuestions.md, Dev.Interdisciplinary.Soccer
dev/ResearchQuestions.md, Dev.Interdisciplinary.WebDev
dev/ResearchQuestions.md, Dev.Interdisciplinary.WebDev.CSS.Flexbox
dev/ResearchQuestions.md, Dev.ResearchQuestions
dev/Roadmap.md, Dev.Roadmap
dev/StyleGuide.md, Dev.Breadcrumb
dev/StyleGuide.md, Dev.Carousel
dev/StyleGuide.md, Dev.DataType.Array
dev/StyleGuide.md, Dev.DataType.Boolean
dev/StyleGuide.md, Dev.GridView
dev/StyleGuide.md, Dev.HeroImage
dev/StyleGuide.md, Dev.ImageLayer
dev/StyleGuide.md, Dev.LevelOfAbstraction
dev/StyleGuide.md, Dev.LevelOfAbstraction.AbstractIdea
dev/StyleGuide.md, Dev.LevelOfAbstraction.ConcreteIdea
dev/StyleGuide.md, Dev.LevelOfDetail
dev/StyleGuide.md, Dev.LevelOfDetail.ComplexifyDetail
dev/StyleGuide.md, Dev.LevelOfDetail.LessIsMore
dev/StyleGuide.md, Dev.LevelOfDetail.SimplifyDetail
dev/StyleGuide.md, Dev.LevelOfDetail.SimplifyDetail.CropDiagram
dev/StyleGuide.md, Dev.PageLayout
dev/StyleGuide.md, Dev.PageLayout.CloseUp
dev/StyleGuide.md, Dev.RelationByAlignment
dev/StyleGuide.md, Dev.RelationByProximity
dev/StyleGuide.md, Dev.StyleGuide
dev/Tagging.md, Dev.Tagging.Overview
dev/Tagging.md, Dev.Tagging.TagChip
dev/Tagging.md, Dev.Tagging.TagChip.TagChipHighlight
dev/Tagging.md, Dev.Tagging.TaggingProcess.Overview
dev/Tagging.md, Dev.Tagging.TaggingProcess.TaggingByButton
dev/Tagging.md, Dev.Tagging.TaggingProcess.TaggingByText
dev/Tagging.md, Dev.Tagging.TaggingProcess.TaggingRound.Overview
dev/Tagging.md, Dev.Tagging.TaggingProcess.TaggingRound.RoughTagging
dev/Tagging.md, Dev.Tagging.TagList
dev/Tagging.md, Dev.Tagging.TagName
dev/Tagging.md, Dev.Tagging.TagPath
dev/Tagging.md, Dev.Transcription
dev/Tagging.md, Dev.Transcription.TranscriptionFrase
dev/Tagging.md, Dev.VideoAnalysis.VideoTagging
dev/Tagging.md, Move.MoveVideo
dev/Tools.md, Dev.ToolDiagram
dev/Tools.md, Dev.ToolDiagram.BagsDiagram
dev/Tools.md, Dev.Tools
dev/Tools.md, Dev.Tools.Cart
dev/Tools.md, Dev.Tools.Marka
dev/Tools.md, Dev.Tools.Kit
dev/Tools.md, Dev.Tools.PlantingBag
dev/Tools.md, Dev.Tools.Skreefer
dev/Tools.md, Dev.Tools.Spade
dev/UX.md, Dev.Hardware
dev/UX.md, Dev.Hardware.Clipboard
dev/UX.md, Dev.Hardware.Keyboard.NumberPad
dev/UX.md, Dev.Hardware.Laptop
dev/UX.md, Dev.Hardware.Pen
dev/UX.md, Dev.Harware.Paper
dev/UX.md, Dev.Search
dev/UX.md, Dev.Search.AdvancedSearch
dev/UX.md, Dev.Search.SearchResults
dev/UX.md, Dev.Story
dev/UX.md, Dev.ToReduceConfusion
dev/UX.md, Dev.UX.Event.OnClick
dev/UX.md, Dev.UX.Event.OnHover
dev/UX.md, Dev.UX.EyePath.EyeClockwisePath
dev/UX.md, Dev.UX.EyePath.EyeUpPath
dev/UX.md, Dev.UX.EyePathway
dev/UX.md, Dev.UX.Keybindings
dev/UX.md, Guide.How.Navigation
dev/UX.md, Guide.How.ReadDiagram
dev/UX.md, Guide.How.Search
dev/UX.md, Guide.How.ShareLink
dev/UX.md, Guide.How.Understanding
dev/UX.md, Guide.How.Understanding.CurrentUnderstanding
dev/UX.md, Guide.How.Understanding.Interstanding
Eko/Area/Overview.md, Eko.Area.Overview
Eko/Area/Overview.md, Eko.Area.PocketArea
Eko/Area/Overview.md, Eko.Area.RiparianArea
Eko/Area/Overview.md, Eko.Area.RockCapArea
Eko/Area/Overview.md, Eko.Area.SlashPileArea
Eko/Atmosphere/AirTemperature.md, Eko.Weather.AirTemperature
Eko/Atmosphere/Humidity.md, Eko.Weather.Humidity
Eko/Atmosphere/Overview.md, Eko.Weather.Overview
Eko/Atmosphere/Precipitation.md, Eko.Weather.Precipitation
Eko/Block/Overview.md, Eko.Block.CoverBlock
Eko/Block/Overview.md, Eko.Block.OverflowBlock
Eko/Block/Overview.md, Eko.Block.Overview
Eko/Block/Overview.md, Eko.Block.Road
Eko/Block/Overview.md, Eko.Block.WalkInBlock
Eko/Density/Overview.md, Eko.Density.4
Eko/Density/Overview.md, Eko.Density.5
Eko/Density/Overview.md, Eko.Density.6
Eko/Density/Overview.md, Eko.Density.7
Eko/Density/Overview.md, Eko.Density.8
Eko/Density/Overview.md, Eko.Density.Overiew
Eko/Density/Overview.md, Eko.Density.Plot
Eko/EcoDifficulty.md, Eko.EkoDifficulty.LandComplexity
Eko/EcoDifficulty.md, Eko.EkoDifficulty.LandIntensity
Eko/EcoDifficulty.md, Eko.EkoDifficulty.LandRisk
Eko/EcoDifficulty.md, Eko.EkoDifficulty.Overview
Eko/EcoGeometry/EcoSpace.md, Eko.LandSpace.Overview
Eko/EcoOverview.md, Eko.EkoAnalysis
Eko/EcoOverview.md, Eko.LandCompletion.ClosedLand
Eko/EcoOverview.md, Eko.LandCompletion.OpenLand
Eko/EcoOverview.md, Eko.LandError
Eko/EcoOverview.md, Eko.LandError.PlantedTreeError
Eko/EcoOverview.md, Eko.LandError.PlantedTreeError.LeanerTree
Eko/EcoOverview.md, Eko.LandEvent
Eko/EcoOverview.md, Eko.LandName
Eko/EcoOverview.md, Eko.LandAttributes.InorganicLand
Eko/EcoOverview.md, Eko.LandAttributes.OrganicLand
Eko/EcoOverview.md, Eko.LandAttributes.Overview
Eko/EcoOverview.md, Eko.LandQuestion
Eko/EcoOverview.md, Eko.MixedLand
Eko/EcoOverview.md, Eko.Overview
Eko/EcoFrase/Overview.md, Eko.LandFrase
Eko/LandSpeed/Overview.md, Eko.LandSpace.Viasetting
Eko/LandSpeed/Overview.md, Eko.LandSpeed.FastLand
Eko/LandSpeed/Overview.md, Eko.LandSpeed.Overview
Eko/LandSpeed/Overview.md, Eko.LandSpeed.SlowLand
Eko/Obstacle/Overview.md, Eko.Obstacle.FallenTree
Eko/Obstacle/Overview.md, Eko.Obstacle.FallenTree.FallenConiferObstacle
Eko/Obstacle/Overview.md, Eko.Obstacle.FallenTree.FallenDeciduousObstacle
Eko/Obstacle/Overview.md, Eko.Obstacle.LogObstacle
Eko/Obstacle/Overview.md, Eko.Obstacle.MicrositeObstacle.BlockerHold
Eko/Obstacle/Overview.md, Eko.Obstacle.ObstacleAlignment
Eko/Obstacle/Overview.md, Eko.Obstacle.Overview
Eko/Obstacle/Overview.md, Eko.Obstacle.RockObstacle
Eko/Obstacle/Overview.md, Eko.Obstacle.StumpObstacle
Eko/Obstacle/Overview.md, Eko.Obstacle.WaterObstacle
Eko/Piece/Overview.md, Eko.Piece.Overview
Eko/Piece/PieceTopography.md, Eko.Piece.PieceShape
Eko/Piece/PieceTopography.md, Eko.Piece.PieceShape.IrregularPieceShape
Eko/Piece/PieceTopography.md, Eko.Piece.PieceTopography
Eko/Piece/PieceTopography.md, Eko.Piece.PieceTopography.ConcavePiece
Eko/Piece/PieceTopography.md, Eko.Piece.PieceTopography.ContourLine
Eko/Piece/PieceTopography.md, Eko.Piece.PieceTopography.ConvexPiece
Eko/Piece/PieceTopography.md, Eko.Piece.PieceTopography.SlopeAngle
Eko/Prep/MoundLand.md, Eko.Prep.MoundPrep
Eko/Prep/Overview.md, Eko.Prep.Overview
Eko/Prep/TrenchLand.md, Eko.Prep.TrenchPrep
Eko/Raw/Overview.md, Eko.Raw.BurntRaw
Eko/Raw/Overview.md, Eko.Raw.Overview
Eko/Raw/Overview.md, Eko.Raw.WinterCut
Eko/Dendron/Overview.md, Eko.CropTree.CedarTree
Eko/Dendron/Overview.md, Eko.CropTree.FirTree
Eko/Dendron/Overview.md, Eko.CropTree.LarchTree
Eko/Dendron/Overview.md, Eko.CropTree.NaturalTree
Eko/Dendron/Overview.md, Eko.CropTree.OakTree
Eko/Dendron/Overview.md, Eko.CropTree.PineTree
Eko/Dendron/Overview.md, Eko.CropTree.PlantedTree
Eko/Dendron/Overview.md, Eko.CropTree.SpeciesMix
Eko/Dendron/Overview.md, Eko.CropTree.SpruceTree
Eko/Slash/BurnPileSlash.md, Eko.Slash.BurnPileSlash
Eko/Slash/HighSlash.md, Eko.Slash.HighSlash
Eko/Slash/LowSlash.md, Eko.Slash.LowSlash
Eko/Slash/Overview.md, Eko.Slash.Overview
Eko/Slash/WetSlash.md, Eko.Slash.WetSlash
Eko/Soil/ClaySoil.md, Eko.Soil.ClaySoil
Eko/Soil/DrySoil.md, Eko.Soil.DrySoil
Eko/Soil/GravelSoil.md, Eko.Soil.GravelSoil
Eko/Soil/MineralSoil.md, Eko.Soil.MineralSoil
Eko/Soil/Overview.md, Eko.Soil.Overview
Eko/Soil/RedRot.md, Eko.Soil.RedRot
Eko/Soil/SandSoil.md, Eko.Soil.SandSoil
Eko/Soil/WetSoil.md, Eko.Soil.WetSoil
Eko/Vegetation/Overview.md, Eko.PlantIdentification
Eko/Vegetation/Overview.md, Eko.Plants.Fireweed
Eko/Vegetation/Overview.md, Eko.Plants.ResidualPatch
glossary/Glossary.md, Dev.AlsoKnownAs
glossary/Glossary.md, Reference.Glossary
guide/What/WhatPlantaBeta.md, Guide.GettingStarted
guide/What/WhatPlantaBeta.md, Guide.What.WhatElement
guide/What/WhatPlantaBeta.md, Guide.What.WhatElement.ElementName.Affix
guide/What/WhatPlantaBeta.md, Guide.What.WhatElement.Euclid
guide/What/WhatPlantaBeta.md, Guide.What.WhatPlantaBeta
guide/What/WhatPlantaBeta.md, Guide.What.WhatPlantaBeta.PlantorQuestion
guide/What/WhatPlantaBeta.md, Guide.What.WhatPlantaBeta.Product
guide/What/WhatPlantaBeta.md, Guide.What.WhatPlantaBeta.Service
guide/What/WhatTreePlanting.md, Guide.What.WhatTreePlanting
guide/Who/ExperiencedPlantor.md, Guide.Who.ExperiencedPlantor
guide/Who/NovicePlantor.md, Guide.Who.NovicePlantor
guide/Who/NovicePlantor.md, Guide.Who.NovicePlantor.NoviceStare
guide/Who/PlantorInstructor.md, Dev.Pedagogy
guide/Who/PlantorInstructor.md, Dev.Pedagogy.Curriculum.LessonFrase
guide/Who/PlantorInstructor.md, Dev.Pedagogy.Curriculum.Timeline
guide/Who/PlantorInstructor.md, Dev.PlantorMetaInstructor
guide/Who/PlantorInstructor.md, Guide.Who.PlantorInstructor
guide/Who/PlantorInstructor.md, Guide.Who.PlantorInstructor.Handout
guide/Who/PlantorInstructor.md, Guide.Who.PlantorInstructor.InstructorGuide.Curriculum
guide/Who/PlantorInstructor.md, Guide.Who.PlantorInstructor.InstructorGuide.Template
guide/Who/PlantorInstructor.md, Guide.Who.PlantorInstructor.TeachingBlock
guide/Who/PlantorInstructor.md, Guide.Who.PlantorInstructor.TeachingPiece
guide/Who/PlantorInstructor.md, Guide.Who.PlantorInstructor.TeachingPlot
guide/Who/PlantorSupervisor.md, Guide.Who.PlantorRecruiter
guide/Who/PlantorSupervisor.md, Guide.Who.PlantorSupervisor
guide/Who/PotentialPlantor.md, Guide.Who.PotentialPlantor
guide/Why/Communication.md, Guide.Who.Overview
guide/Why/Communication.md, Guide.Why.Communication
guide/Why/Communication.md, Guide.Why.Overview
guide/Why/Company.md, Guide.Who.PlantorResearcher
guide/Why/Company.md, Guide.Why.Company
guide/Why/Company.md, Guide.Why.Innovation.Database
guide/Why/Company.md, Guide.Why.Innovation.MinimizeMarka
guide/Why/Injury.md, Guide.Why.Injury
guide/Why/Injury.md, Guide.Why.Injury.ValgusKnee
guide/Why/Injury.md, Move.Ambidexterity
guide/Why/LearningCurve.md, Guide.Why.LearningCurve
guide/Why/Productivity.md, Guide.Why.Productivity
guide/Why/Productivity.md, Guide.Why.Productivity.Efficiency
guide/Why/Productivity.md, Guide.Why.Productivity.Efficiency.Redundancy
guide/Why/Wildfire.md, Guide.Why.Wildfire
media/Overview.md, Reference.Gallery
Move/ArmMove/ArmBlock.md, Move.ArmMove.ArmBlock
Move/ArmMove/ArmBalance.md, Move.ArmMove.ArmBalance
Move/ArmMove/ArmProp.md, Move.ArmMove.ArmProp
Move/ArmMove/ArmSidebagLift.md, Move.ArmMove.ArmSidebagLift
Move/ArmMove/ArmKurve.md, Move.ArmMove.ArmKurve
Move/ArmMove/ArmWalk.md, Move.ArmMove.ArmWalk
Move/ArmMove/FertilizerThrow.md, Move.ArmMove.FertilizerThrow
Move/ArmMove/Overview.md, Move.ArmMove.ArmBrake
Move/ArmMove/Overview.md, Move.ArmMove.ArmCircumduction
Move/ArmMove/Overview.md, Move.ArmMove.ArmCross
Move/ArmMove/Overview.md, Move.ArmMove.ArmExtension
Move/ArmMove/Overview.md, Move.ArmMove.ArmExternalRotation
Move/ArmMove/Overview.md, Move.ArmMove.ArmFlexion
Move/ArmMove/Overview.md, Move.ArmMove.ArmInternalRotation
Move/ArmMove/Overview.md, Move.ArmMove.ArmLock
Move/ArmMove/Overview.md, Move.ArmMove.ArmReach
Move/ArmMove/Overview.md, Move.ArmMove.ArmRockOver
Move/ArmMove/Overview.md, Move.ArmMove.ArmRow
Move/ArmMove/Overview.md, Move.ArmMove.ArmShakeOut
Move/ArmMove/Overview.md, Move.ArmMove.ArmSlot
Move/ArmMove/Overview.md, Move.ArmMove.ArmTRex
Move/ArmMove/Overview.md, Move.ArmMove.ProximalElbow
Move/ArmMove/Overview.md, Move.ArmMove.Overview
Move/ArmMove/Overview.md, Move.ArmMove.ShoulderMove.Overview
Move/ArmMove/Overview.md, Move.ArmMove.ShoulderMove.ShoulderDepress
Move/ArmMove/Overview.md, Move.ArmMove.ShoulderMove.ShoulderElevate
Move/ArmMove/Overview.md, Move.ArmMove.ShoulderMove.ShoulderProtract
Move/ArmMove/Overview.md, Move.ArmMove.ShoulderMove.ShoulderRetract
Move/ArmMove/TreeLoad.md, Move.ArmMove.TreeLoad
Move/BodyMove/BodyAbsorb.md, Move.BodyMove.BodyAbsorb
Move/BodyMove/BodyBend.md, Move.BodyMove.BodyBend
Move/BodyMove/BodyLean.md, Move.BodyMove.BodyLean
Move/BodyMove/BodyRevolve.md, Move.BodyMove.Bodyrevolve
Move/BodyMove/BodyRotate.md, Move.BodyMove.BodyRotate
Move/BodyMove/BodySlot.md, Move.BodyMove.BodySlot
Move/BodyMove/Fall.md, Move.BodyMove.Fall
Move/BodyMove/LogWalk.md, Move.BodyMove.LogWalk
Move/BodyMove/Overview.md, Move.BodyMove.BodyDrop.BodyDropInto
Move/BodyMove/Overview.md, Move.BodyMove.BodyLock
Move/BodyMove/Overview.md, Move.BodyMove.BodyPosture
Move/BodyMove/Overview.md, Move.BodyMove.Landing
Move/BodyMove/Overview.md, Move.BodyMove.Landing.MoveError.LegProp
Move/BodyMove/Overview.md, Move.BodyMove.Mantle
Move/BodyMove/Overview.md, Move.BodyMove.Overview
Move/BodyMove/Overview.md, Move.BodyMove.Stemming
Move/BodyMove/Overview.md, Move.BodyMove.Straddle
Move/BodyMove/SlopeWalk.md, Move.BodyMove.SlopeWalk
Move/BodyMove/SpineExtension.md, Move.BodyMove.SpineExtension
Move/BodyMove/Stand.md, Move.BodyMove.Stand
Move/BodyMove/StandUp.md, Move.BodyMove.StandUp
Move/BodyMove/StepIntoTrench.md, Move.BodyMove.StepIntoTrench
Move/BodyMove/StepOverLog.md, Move.BodyMove.StepOverLog
Move/BodyMove/StepUnderLog.md, Move.BodyMove.StepUnderLog
Move/BodyMove/TrenchWalk.md, Move.BodyMove.TrenchWalk
Move/BodyMove/Walk.md, Move.BodyMove.Walk
Move/CacheMove/Overview.md, Move.CacheMove.BagsPlacement
Move/CacheMove/Overview.md, Move.CacheMove.BoxPlacement
Move/CacheMove/Overview.md, Move.CacheMove.BundlePlacement
Move/CacheMove/Overview.md, Move.CacheMove.CacheBreak.Overview
Move/CacheMove/Overview.md, Move.CacheMove.GarbageBox
Move/CacheMove/Overview.md, Move.CacheMove.Overview
Move/CacheMove/TarpOff.md, Move.CacheMove.TarpOff
Move/CacheMove/TarpOn.md, Move.CacheMove.TarpOn
Move/ClothingMove/Button.md, Move.ClothingMove.Button
Move/ClothingMove/ClothingLayer.md, Move.ClothingMove.ClothingLayer
Move/ClothingMove/HatMove.md, Move.ClothingMove.HatMove
Move/ClothingMove/Overview.md, Move.ClothingMove.Overview
Move/ClothingMove/ReMoveMud.md, Move.ClothingMove.ReMoveMud
Move/ClothingMove/ZipperMove.md, Move.ClothingMove.ZipperMove
Move/FootMove/FootArchSmear.md, Move.FootMove.FootArchSmear
Move/FootMove/FootSeal.md, Move.FootMove.FootSeal
Move/FootMove/FootDig.md, Move.FootMove.FootDig
Move/FootMove/FootDorsiflexion.md, Move.FootMove.FootDorsiflexion
Move/FootMove/FootDrag.md, Move.FootMove.FootDrag
Move/FootMove/FootEversion.md, Move.FootMove.FootEversion
Move/FootMove/FootInversion.md, Move.FootMove.FootInversion
Move/FootMove/FootSkreef.md, Move.FootMove.FootSkreef
Move/FootMove/FootFrase.md, Move.FootMove.FootMatch
Move/FootMove/FootFrase.md, Move.FootMove.FootMatch
Move/FootMove/FootFrase.md, Move.FootMove.FootSwap
Move/FootMove/Overview.md, Move.FootMove.FootRoll
Move/FootMove/Overview.md, Move.FootMove.FootSlot
Move/FootMove/Overview.md, Move.FootMove.FootSmear
Move/FootMove/Overview.md, Move.FootMove.Overview
Move/FootMove/PlantarFlexion.md, Move.FootMove.PlantarFlexion
Move/ManoMove/BagMano.md, Move.ManoMove.BagMano
Move/ManoMove/BoxMano.md, Move.ManoMove.BoxMano
Move/ManoMove/BranchMano.md, Move.ManoMove.BranchMano
Move/ManoMove/BranchSnapMano.md, Move.ManoMove.BranchSnapMano
Move/ManoMove/HandClose.md, Move.ManoMove.HandClose
Move/ManoMove/HandClose.md, Move.ManoMove.HandClose.HammerClose
Move/ManoMove/HandClose.md, Move.ManoMove.HandClose.PunchClose
Move/ManoMove/HandPoke.md, Move.ManoMove.HandPoke
Move/ManoMove/HandSkreef.md, Move.ManoMove.HandSkreef
Move/ManoMove/HandFrase.md, Move.ManoMove.HandBump
Move/ManoMove/HandFrase.md, Move.ManoMove.HandMatch
Move/ManoMove/TreeInsert.md, Move.ManoMove.TreeInsert
Move/ManoMove/Overview.md, Move.ManoMove.CupMano
Move/ManoMove/Overview.md, Move.ManoMove.FingerMove.FingerCurl
Move/ManoMove/Overview.md, Move.ManoMove.FingerMove.FingerFlexion
Move/ManoMove/Overview.md, Move.ManoMove.FingerMove.FingerHook
Move/ManoMove/Overview.md, Move.ManoMove.FingerMove.FingerPoke
Move/ManoMove/Overview.md, Move.ManoMove.FingerMove.Overview
Move/ManoMove/Overview.md, Move.ManoMove.FingerMove.ThumbHook.Move.ManoMove.FingerMove.FingerExtension
Move/ManoMove/Overview.md, Move.ManoMove.FingerOverlapPoke
Move/ManoMove/Overview.md, Move.ManoMove.FingertipPress
Move/ManoMove/Overview.md, Move.ManoMove.GentleMano
Move/ManoMove/Overview.md, Move.ManoMove.HandRoll
Move/ManoMove/Overview.md, Move.ManoMove.HandSlide
Move/ManoMove/Overview.md, Move.ManoMove.HandSlot
Move/ManoMove/Overview.md, Move.ManoMove.HandSmear
Move/ManoMove/Overview.md, Move.ManoMove.HandSwap
Move/ManoMove/Overview.md, Move.ManoMove.Overview
Move/ManoMove/Overview.md, Move.ManoMove.PinchMano
Move/ManoMove/Overview.md, Move.ManoMove.TrunkMano
Move/ManoMove/Overview.md, Move.ManoMove.UnderclingMano
Move/ManoMove/SpadeHandleMano.md, Move.ManoMove.SpadeHandleMano
Move/ManoMove/SpadeCollarMano.md, Move.ManoMove.SpadeCollarMano
Move/ManoMove/TreeMano.md, Move.ManoMove.TreeFlip
Move/ManoMove/TreeMano.md, Move.ManoMove.TreeMano
Move/ManoMove/TreeTestMano.md, Move.ManoMove.TreeInspect
Move/ManoMove/TreeTestMano.md, Move.ManoMove.TreeTestMano
Move/HeadMove/FocusLook.md, Move.HeadMove.FocusLook
Move/HeadMove/HeadProtraction.md, Move.HeadMove.HeadProtraction
Move/HeadMove/HeadRetraction.md, Move.HeadMove.HeadRetraction
Move/HeadMove/HeadTiltIntoWind.md, Move.HeadMove.HeadTiltIntoWind
Move/HeadMove/ListenTo.md, Move.HeadMove.ListenTo
Move/HeadMove/LookAway.md, Move.HeadMove.LookAway
Move/HeadMove/NeckExtension.md, Move.HeadMove.NeckExtension
Move/HeadMove/NeckFlexion.md, Move.HeadMove.NeckFlexion
Move/HeadMove/Overview.md, Move.HeadMove.Find.Marka
Move/HeadMove/Overview.md, Move.HeadMove.LookAt
Move/HeadMove/Overview.md, Move.HeadMove.Overview
Move/HoleMove/HoleClose.md, Move.HoleMove.CloseHole
Move/HoleMove/HoleClose.md, Move.HoleMove.CloseHole.MultipleToolClose
Move/HoleMove/HoleExpand.md, Move.HoleMove.ExpandHole
Move/HoleMove/HoleOpen.md, Move.HoleMove.HoleOpen
Move/HoleMove/Overview.md, Move.HoleMove.Overview
Move/LegMove/Crouch.md, Move.LegMove.Crouch
Move/LegMove/Jump.md, Move.LegMove.Jump
Move/LegMove/Kneel.md, Move.LegMove.Kneel
Move/LegMove/LegAbduction.md, Move.LegMove.LegAbduction
Move/LegMove/LegAbsorb.md, Move.LegMove.LegAbsorb
Move/LegMove/LegAdduction.md, Move.LegMove.LegAdduction
Move/LegMove/LegMarka.md, Move.LegMove.LegMarka
Move/LegMove/LegFlexion.md, Move.LegMove.LegFlexion
Move/LegMove/LegProp.md, Move.LegMove.LegProp
Move/LegMove/LegSidebagLift.md, Move.LegMove.LegSidebagLift
Move/LegMove/LegKurve.md, Move.LegMove.LegKurve
Move/LegMove/Overview.md, Move.LegMove.HighFoot
Move/LegMove/Overview.md, Move.LegMove.LegCircumduction
Move/LegMove/Overview.md, Move.LegMove.LegLock
Move/LegMove/Overview.md, Move.LegMove.LegReach
Move/LegMove/Overview.md, Move.LegMove.LegRockOver
Move/LegMove/Overview.md, Move.LegMove.LegRockUp
Move/LegMove/Overview.md, Move.LegMove.LegSlot
Move/LegMove/Overview.md, Move.LegMove.Overview
Move/LegMove/Overview.md, Move.LegMove.SupportingLeg
Move/LegMove/RunningStart.md, Move.LegMove.RunningStart
Move/LegMove/Step.md, Move.LegMove.Step
Move/LegMove/Step.md, Move.LegMove.Step.BackStep
Move/LegMove/Step.md, Move.LegMove.Step.KickStep
Move/LegMove/Step.md, Move.LegMove.Step.SideStep
Move/LegMove/Stomp.md, Move.LegMove.Stomp
Move/MoveDifficulty.md, Move.MoveDifficulty.MoveComplexity
Move/MoveDifficulty.md, Move.MoveDifficulty.MoveIntensity
Move/MoveDifficulty.md, Move.MoveDifficulty.MoveRisk
Move/MoveDifficulty.md, Move.MoveDifficulty.Overview
Move/MoveOverview.md, Move.CoordinationMove
Move/MoveOverview.md, Move.MoveAnalysis
Move/MoveOverview.md, Move.MoveComposition.MoveAddition
Move/MoveOverview.md, Move.MoveComposition.MoveSelection
Move/MoveOverview.md, Move.MoveComposition.MoveSelection.AlternativeMove
Move/MoveOverview.md, Move.MoveComposition.MoveSelection.ForcedMove
Move/MoveOverview.md, Move.MoveComposition.MoveSelection.MoveComparison
Move/MoveOverview.md, Move.MoveComposition.MoveSelection.SubMoveSelection
Move/MoveOverview.md, Move.MoveComposition.Overview
Move/MoveOverview.md, Move.MoveContactPoint.Overview
Move/MoveOverview.md, Move.MoveDirection.AbsoluteDirection
Move/MoveOverview.md, Move.MoveDirection.AbsoluteDirection.Down
Move/MoveOverview.md, Move.MoveDirection.AbsoluteDirection.Up
Move/MoveOverview.md, Move.MoveDirection.Overview
Move/MoveOverview.md, Move.MoveDirection.RelativeDirection.Above
Move/MoveOverview.md, Move.MoveDirection.RelativeDirection.Along
Move/MoveOverview.md, Move.MoveDirection.RelativeDirection.Around
Move/MoveOverview.md, Move.MoveDirection.RelativeDirection.Away
Move/MoveOverview.md, Move.MoveDirection.RelativeDirection.Below
Move/MoveOverview.md, Move.MoveDirection.RelativeDirection.Between
Move/MoveOverview.md, Move.MoveDirection.RelativeDirection.From
Move/MoveOverview.md, Move.MoveDirection.RelativeDirection.In
Move/MoveOverview.md, Move.MoveDirection.RelativeDirection.Out
Move/MoveOverview.md, Move.MoveDirection.RelativeDirection.Over
Move/MoveOverview.md, Move.MoveDirection.RelativeDirection.Overview
Move/MoveOverview.md, Move.MoveDirection.RelativeDirection.ParallelTo
Move/MoveOverview.md, Move.MoveDirection.RelativeDirection.PerpendicularTo
Move/MoveOverview.md, Move.MoveDirection.RelativeDirection.To
Move/MoveOverview.md, Move.MoveDirection.RelativeDirection.Under
Move/MoveOverview.md, Move.MoveDirection.TraverseMove
Move/MoveOverview.md, Move.MoveError.DroppedTree
Move/MoveOverview.md, Move.MoveError.Overview
Move/MoveOverview.md, Move.MoveError.RedundantMove
Move/MoveOverview.md, Move.MoveError.Slip.FootSlip
Move/MoveOverview.md, Move.MoveError.Slip.HandSlip
Move/MoveOverview.md, Move.MoveError.Slip.Overview
Move/MoveOverview.md, Move.MoveError.Slip.SpadeSlip
Move/MoveOverview.md, Move.MoveError.TooClose
Move/MoveOverview.md, Move.MoveError.TooFar
Move/MoveOverview.md, Move.MoveEvent
Move/MoveOverview.md, Move.MoveFrequency
Move/MoveOverview.md, Move.MoveName.Overview
Move/MoveOverview.md, Move.MovePlane
Move/MoveOverview.md, Move.MovePoint.Deadpoint
Move/MoveOverview.md, Move.MovePoint.MoveContactPoint
Move/MoveOverview.md, Move.MovePoint.MoveFinishPoint
Move/MoveOverview.md, Move.MovePoint.MoveHighestPoint
Move/MoveOverview.md, Move.MovePoint.MoveInflectionPoint
Move/MoveOverview.md, Move.MovePoint.MoveLowestPoint
Move/MoveOverview.md, Move.MovePoint.MovePausePoint
Move/MoveOverview.md, Move.MovePoint.MoveReflectionPoint
Move/MoveOverview.md, Move.MovePoint.MoveRotationPoint
Move/MoveOverview.md, Move.MovePoint.MoveStartPoint
Move/MoveOverview.md, Move.MovePoint.Overview
Move/MoveOverview.md, Move.MovePoint.ReleasePoint
Move/MoveOverview.md, Move.MoveAttributes.MoveAccuracy
Move/MoveOverview.md, Move.MoveAttributes.MoveDegreesOfFreedom
Move/MoveOverview.md, Move.MoveAttributes.MoveDependencies.DependentMove
Move/MoveOverview.md, Move.MoveAttributes.MoveDependencies.IndependentMove
Move/MoveOverview.md, Move.MoveAttributes.MoveDependencies.Overview
Move/MoveOverview.md, Move.MoveAttributes.MoveDescription
Move/MoveOverview.md, Move.MoveAttributes.MoveDuration
Move/MoveOverview.md, Move.MoveAttributes.MoveForce
Move/MoveOverview.md, Move.MoveAttributes.MovePermutation
Move/MoveOverview.md, Move.MoveAttributes.MovePlane.Overview
Move/MoveOverview.md, Move.MoveAttributes.MovePlane.XYPlane
Move/MoveOverview.md, Move.MoveAttributes.MovePlane.XZPlane
Move/MoveOverview.md, Move.MoveAttributes.MovePlane.YZPlane
Move/MoveOverview.md, Move.MoveAttributes.MovePrecision
Move/MoveOverview.md, Move.MoveAttributes.MovePurpose
Move/MoveOverview.md, Move.MoveAttributes.MoveRangeOfMotion
Move/MoveOverview.md, Move.MoveAttributes.MoveShape.CircleMove
Move/MoveOverview.md, Move.MoveAttributes.MoveShape.MoveShapeCenter
Move/MoveOverview.md, Move.MoveAttributes.MoveShape.Overview
Move/MoveOverview.md, Move.MoveAttributes.MoveShape.SquareMove
Move/MoveOverview.md, Move.MoveAttributes.MoveShape.TriangleMove
Move/MoveOverview.md, Move.MoveAttributes.MoveSize
Move/MoveOverview.md, Move.MoveAttributes.MoveState
Move/MoveOverview.md, Move.MoveAttributes.MoveType
Move/MoveOverview.md, Move.MoveAttributes.MoveType.AbductionMove
Move/MoveOverview.md, Move.MoveAttributes.MoveType.AbsorbMove
Move/MoveOverview.md, Move.MoveAttributes.MoveType.AdductionMove
Move/MoveOverview.md, Move.MoveAttributes.MoveType.ArchMove
Move/MoveOverview.md, Move.MoveAttributes.MoveType.ArmBelowShoulderMove
Move/MoveOverview.md, Move.MoveAttributes.MoveType.AsymmetricMove
Move/MoveOverview.md, Move.MoveAttributes.MoveType.Balance
Move/MoveOverview.md, Move.MoveAttributes.MoveType.BuckleMove
Move/MoveOverview.md, Move.MoveAttributes.MoveType.BumpMove
Move/MoveOverview.md, Move.MoveAttributes.MoveType.CircumductionMove
Move/MoveOverview.md, Move.MoveAttributes.MoveType.CompressionMove
Move/MoveOverview.md, Move.MoveAttributes.MoveType.DeadpointMove
Move/MoveOverview.md, Move.MoveAttributes.MoveType.DeflectionMove
Move/MoveOverview.md, Move.MoveAttributes.MoveType.DropMove
Move/MoveOverview.md, Move.MoveAttributes.MoveType.ExpansionMove
Move/MoveOverview.md, Move.MoveAttributes.MoveType.FallMove
Move/MoveOverview.md, Move.MoveAttributes.MoveType.FlexionMove
Move/MoveOverview.md, Move.MoveAttributes.MoveType.HookMove
Move/MoveOverview.md, Move.MoveAttributes.MoveType.JamMove
Move/MoveOverview.md, Move.MoveAttributes.MoveType.LeanMove
Move/MoveOverview.md, Move.MoveAttributes.MoveType.LeverMove
Move/MoveOverview.md, Move.MoveAttributes.MoveType.LockMove
Move/MoveOverview.md, Move.MoveAttributes.MoveType.MatchMove
Move/MoveOverview.md, Move.MoveAttributes.MoveType.OpenMove
Move/MoveOverview.md, Move.MoveAttributes.MoveType.Overview
Move/MoveOverview.md, Move.MoveAttributes.MoveType.PivotMove
Move/MoveOverview.md, Move.MoveAttributes.MoveType.PullMove
Move/MoveOverview.md, Move.MoveAttributes.MoveType.PushMove
Move/MoveOverview.md, Move.MoveAttributes.MoveType.ReachMove
Move/MoveOverview.md, Move.MoveAttributes.MoveType.ReleaseMove
Move/MoveOverview.md, Move.MoveAttributes.MoveType.RestMove
Move/MoveOverview.md, Move.MoveAttributes.MoveType.Revolution
Move/MoveOverview.md, Move.MoveAttributes.MoveType.RockOverMove
Move/MoveOverview.md, Move.MoveAttributes.MoveType.RollMove
Move/MoveOverview.md, Move.MoveAttributes.MoveType.RotationMove
Move/MoveOverview.md, Move.MoveAttributes.MoveType.SlideMove
Move/MoveOverview.md, Move.MoveAttributes.MoveType.SlotMove
Move/MoveOverview.md, Move.MoveAttributes.MoveType.SmearMove
Move/MoveOverview.md, Move.MoveAttributes.MoveType.SwingMove
Move/MoveOverview.md, Move.MoveAttributes.MoveType.SymmetricMove
Move/MoveOverview.md, Move.MoveAttributes.MoveType.TwistMove
Move/MoveOverview.md, Move.MoveAttributes.MoveType.WhipMove
Move/MoveOverview.md, Move.MoveAttributes.MoveWeightDistribution
Move/MoveOverview.md, Move.MoveAttributes.Overview
Move/MoveOverview.md, Move.MoveAttributes.SubMoveCount
Move/MoveOverview.md, Move.MoveQuestion
Move/MoveOverview.md, Move.MoveShape
Move/MoveOverview.md, Move.MoveShape.SubMoveShape
Move/MoveOverview.md, Move.MoveSize
Move/MoveOverview.md, Move.MoveSpace.Overview
Move/MoveOverview.md, Move.MoveType
Move/MoveOverview.md, Move.MoveType.ContinuousMove
Move/MoveOverview.md, Move.MoveType.DynamicMove
Move/MoveOverview.md, Move.MoveType.FiniteMove
Move/MoveOverview.md, Move.MoveType.StaticMove
Move/MoveOverview.md, Move.MoveValidation
Move/MoveOverview.md, Move.Overview
Move/MoveOverview.md, Move.Overview.ConcertedMove
Move/MoveOverview.md, Move.Overview.MoveHierarchy
Move/MoveOverview.md, Move.Overview.MoveHierarchy.SubMove
Move/MoveOverview.md, Move.Overview.MoveHierarchy.SuperMove
Move/MoveOverview.md, Move.Overview.MoveType
Move/MoveOverview.md, Move.Overview.MoveType.RelativeMove
Move/MoveOverview.md, Move.Physics.Acceleration
Move/MoveOverview.md, Move.Physics.CenterOfMass
Move/MoveOverview.md, Move.Physics.Direction
Move/MoveOverview.md, Move.Physics.Displacement
Move/MoveOverview.md, Move.Physics.Distance
Move/MoveOverview.md, Move.Physics.Force
Move/MoveOverview.md, Move.Physics.Force.Friction.NormalForce
Move/MoveOverview.md, Move.Physics.Friction
Move/MoveOverview.md, Move.Physics.LoadingAngle
Move/MoveOverview.md, Move.Physics.Overview
Move/MoveOverview.md, Move.Physics.Tangent
Move/MoveOverview.md, Move.Physics.Vector
Move/MoveOverview.md, Move.Physics.Velocity
Move/MoveOverview.md, Move.PlantorPart
Move/MoveOverview.md, Move.PlantorAttributes.Overview
Move/MoveOverview.md, Move.PlantorAttributes.PlantorAbility
Move/MoveOverview.md, Move.PlantorAttributes.PlantorSize
Move/MoveOverview.md, Move.RedirectMove
Move/MoveOverview.md, Move.ViaInfluenceMove
Move/MoveOverview.md, Move.SlashMove.Overview
Move/MoveFrase/Overview.md, Move.MoveFrase
Move/MoveFrase/Overview.md, Move.MoveFrase.AnteMove
Move/MoveFrase/Overview.md, Move.MoveFrase.ArmFrase
Move/MoveFrase/Overview.md, Move.MoveFrase.Attempt
Move/MoveFrase/Overview.md, Move.MoveFrase.BaggingUpFrase
Move/MoveFrase/Overview.md, Move.MoveFrase.BodyFrase
Move/MoveFrase/Overview.md, Move.MoveFrase.ContiguousMove
Move/MoveFrase/Overview.md, Move.MoveFrase.CurrentMove
Move/MoveFrase/Overview.md, Move.MoveFrase.FootFrase
Move/MoveFrase/Overview.md, Move.MoveFrase.HandFrase
Move/MoveFrase/Overview.md, Move.MoveFrase.InitiationMove
Move/MoveFrase/Overview.md, Move.MoveFrase.IntermembralTiming
Move/MoveFrase/Overview.md, Move.MoveFrase.LegFrase
Move/MoveFrase/Overview.md, Move.MoveFrase.MoveChunk.MoveFrase
Move/MoveFrase/Overview.md, Move.MoveFrase.MoveCycle
Move/MoveFrase/Overview.md, Move.MoveFrase.MoveCycle.DoUntil
Move/MoveFrase/Overview.md, Move.MoveFrase.MoveCycle.DoWhile
Move/MoveFrase/Overview.md, Move.MoveFrase.MoveDensity
Move/MoveFrase/Overview.md, Move.MoveFrase.MoveEndurance
Move/MoveFrase/Overview.md, Move.MoveFrase.MoveLineFrase
Move/MoveFrase/Overview.md, Move.MoveFrase.MoveNestedFrase
Move/MoveFrase/Overview.md, Move.MoveFrase.MoveOverlap
Move/MoveFrase/Overview.md, Move.MoveFrase.MoveRhythm
Move/MoveFrase/Overview.md, Move.MoveFrase.MoveFraseArea
Move/MoveFrase/Overview.md, Move.MoveFrase.MoveFraseError
Move/MoveFrase/Overview.md, Move.MoveFrase.MoveFraseVariation
Move/MoveFrase/Overview.md, Move.MoveFrase.MoveShapeFrase.MoveShapeOverlap
Move/MoveFrase/Overview.md, Move.MoveFrase.MoveSpaceFrase.MoveSpaceOverlap
Move/MoveFrase/Overview.md, Move.MoveFrase.MoveTempo
Move/MoveFrase/Overview.md, Move.MoveFrase.PlantingFrase
Move/MoveFrase/Overview.md, Move.MoveFrase.PostMove
Move/MoveFrase/Overview.md, Move.MoveFrase.SimultaneousMove
Move/MoveFrase/Overview.md, Move.MoveFrase.SpadeFrase
Move/MoveFrase/Overview.md, Move.MoveFrase.SubMoveFrase
Move/MoveFrase/Overview.md, Move.MoveFrase.TransitionMove
Move/PlantMove/BranchArmDeflection.md, Move.PlantMove.BranchArmDeflection
Move/PlantMove/BranchDeflection.md, Move.PlantMove.BranchDeflection
Move/PlantMove/BranchWhip.md, Move.PlantMove.BranchWhip
Move/PlantMove/Overview.md, Move.PlantMove.Overview
Move/PlantMove/Overview.md, Move.PlantMove.SnagMove.BagSnag
Move/PlantMove/Overview.md, Move.PlantMove.SnagMove.FootSnag
Move/PlantMove/Overview.md, Move.PlantMove.SnagMove.Overview
Move/PlantMove/Overview.md, Move.PlantMove.SnagMove.SpadeSnag
Move/PlantMove/PlantType.md, Move.PlantMove.PlantType
Move/PlantMove/SlashPile.md, Move.PlantMove.SlashPile
Move/PlantMove/TrunkMove.md, Move.PlantMove.TrunkMove
Move/SkreefMove/Overview.md, Eko.Skreef.10x10Skreef
Move/SkreefMove/Overview.md, Eko.Skreef.DinnerPlateSkreef
Move/SkreefMove/Overview.md, Eko.Skreef.Overview
Move/SkreefMove/Overview.md, Eko.Skreef.PocketSkreef
Move/SkreefMove/Overview.md, Move.SkreefMove.Overview
Move/ToolMove/Bag/BagAdjustment.md, Move.ToolMove.BagMove.BagAdjustment
Move/ToolMove/Bag/BagDeadlift.md, Move.ToolMove.BagMove.BagDeadlift
Move/ToolMove/Bag/BagEmpty.md, Move.ToolMove.BagMove.BagEmpty
Move/ToolMove/Bag/BagOff.md, Move.ToolMove.BagMove.BagOff
Move/ToolMove/Bag/BagOn.md, Move.ToolMove.BagMove.BagOn
Move/ToolMove/Bag/BagSlide.md, Move.ToolMove.BagMove.BagSlide
Move/ToolMove/Bag/Overview.md, Move.ToolMove.BagMove.BaggingUp
Move/ToolMove/Bag/Overview.md, Move.ToolMove.BagMove.BagOver
Move/ToolMove/Bag/Overview.md, Move.ToolMove.BagMove.BagShield
Move/ToolMove/Bag/Overview.md, Move.ToolMove.BagMove.Overview
Move/ToolMove/Boot/LaceKnot.md, Move.ToolMove.BootMove.LaceKnot
Move/ToolMove/Boot/Overview.md, Move.ToolMove.BootMove.BootOff
Move/ToolMove/Boot/Overview.md, Move.ToolMove.BootMove.BootOn
Move/ToolMove/Boot/Overview.md, Move.ToolMove.BootMove.Overview
Move/ToolMove/Box/BoxFrase.md, Move.ToolMove.BoxMove.BoxStack
Move/ToolMove/Box/Overview.md, Move.ToolMove.BoxMove.BoxOpen
Move/ToolMove/Box/Overview.md, Move.ToolMove.BoxMove.BoxSlide
Move/ToolMove/Box/Overview.md, Move.ToolMove.BoxMove.BoxStack
Move/ToolMove/Box/Overview.md, Move.ToolMove.BoxMove.Overview
Move/ToolMove/Bundle/BundleMano.md, Move.ToolMove.BundleMove.BundleMano
Move/ToolMove/Bundle/BundlePeel.md, Move.ToolMove.BundleMove.BundlePeel
Move/ToolMove/Bundle/Overview.md, Move.ToolMove.BundleMove.BundleRoll
Move/ToolMove/Bundle/Overview.md, Move.ToolMove.BundleMove.BundleUnwrap
Move/ToolMove/Bundle/Overview.md, Move.ToolMove.BundleMove.MoveError.WrapperLitter
Move/ToolMove/Bundle/Overview.md, Move.ToolMove.BundleMove.Overview
Move/ToolMove/Marka/MarkaErrorRecovery.md, Move.ToolMove.MarkaMove.MarkaErrorRecovery
Move/ToolMove/Marka/MarkaKnot.md, Move.ToolMove.MarkaMove.MarkaKnot
Move/ToolMove/Marka/MarkaRip.md, Move.ToolMove.MarkaMove.MarkaRip
Move/ToolMove/Marka/MarkaRoll.md, Move.ToolMove.MarkaMove.MarkaRoll
Move/ToolMove/Marka/MarkaThrow.md, Move.ToolMove.MarkaMove.MarkaThrow
Move/ToolMove/Marka/MarkaUnload.md, Move.ToolMove.MarkaMove.MarkaUnload
Move/ToolMove/Marka/MarkaWeave.md, Move.ToolMove.MarkaMove.MarkaWeave
Move/ToolMove/Marka/MarkaWrap.md, Move.ToolMove.MarkaMove.MarkaWrap
Move/ToolMove/Marka/Overview.md, Move.ToolMove.MarkaMove.MarkaDrop
Move/ToolMove/Marka/Overview.md, Move.ToolMove.MarkaMove.MarkaStump
Move/ToolMove/Marka/Overview.md, Move.ToolMove.MarkaMove.MoveError.PlantedMarka
Move/ToolMove/Marka/Overview.md, Move.ToolMove.MarkaMove.Overview
Move/ToolMove/Tibior/TibiorOff.md, Move.ToolMove.TibiorMove.TibiorOff
Move/ToolMove/Tibior/TibiorOn.md, Move.ToolMove.TibiorMove.TibiorOn
Move/ToolMove/Tibior/Overview.md, Move.ToolMove.TibiorMove.Overview
Move/ToolMove/Glove/Overview.md, Move.ToolMove.GloveMove.Overview
Move/ToolMove/Overview.md, Move.ToolMove.Overview
Move/ToolMove/Spade/Overview.md, Move.ToolMove.SpadeMove.Overview
Move/ToolMove/Spade/Overview.md, Move.ToolMove.SpadeMove.SpadeClose
Move/ToolMove/Spade/Overview.md, Move.ToolMove.SpadeMove.SpadeDrop
Move/ToolMove/Spade/Overview.md, Move.ToolMove.SpadeMove.SpadePush
Move/ToolMove/Spade/Overview.md, Move.ToolMove.SpadeMove.SpadeUnplant
Move/ToolMove/Spade/SpadeChop.md, Move.ToolMove.SpadeMove.SpadeChop
Move/ToolMove/Spade/SpadePogo.md, Move.ToolMove.SpadeMove.SpadePogo
Move/ToolMove/Spade/SpadeProp.md, Move.ToolMove.SpadeMove.SpadeProp
Move/ToolMove/Spade/SpadeSkreef.md, Move.ToolMove.SpadeMove.SpadeSkreef
Move/ToolMove/Spade/SpadeFrase.md, Move.ToolMove.SpadeMove.SpadeSwap
Move/ToolMove/Spade/SpadeImpact.md, Move.ToolMove.SpadeMove.SpadeImpact
Move/ToolMove/Spade/SpadeKurve.md, Move.ToolMove.SpadeMove.SpadeCircumduction
Move/ToolMove/Spade/SpadeKurve.md, Move.ToolMove.SpadeMove.SpadeKurve
Move/ToolMove/Spade/SpadeTest.md, Move.ToolMove.SpadeMove.SpadePoke
Move/ToolMove/Spade/SpadeTest.md, Move.ToolMove.SpadeMove.SpadeProbe
Move/TruckMove/Overview.md, Move.ToolMove.TruckMove.Overview
Move/TruckMove/Sit.md, Move.ToolMove.TruckMove.Sit
Move/TruckMove/Sleep.md, Move.ToolMove.TruckMove.Sleep
Psike/Arousal/Calm.md, Psike.Calm
Psike/Arousal/Overview.md, Psike.Adrenaline
Psike/Attention/Overview.md, Psike.Attention
Psike/Audio/Overview.md, Psike.Hearing
Psike/Awareness/Overview.md, Psike.Awareness
Psike/Counting/Overview.md, Psike.Counting
Psike/Decision/Overview.md, Psike.Decision
Psike/Emotion/Overview.md, Psike.Emotion
Psike/Energy/Overview.md, Psike.Energy
Psike/Estimation/Overview.md, Psike.Estimation
Psike/Estimation/Overview.md, Psike.Estimation.BagCover
Psike/Estimation/Overview.md, Psike.Estimation.LandEstimation.Fraction
Psike/Estimation/Overview.md, Psike.Estimation.ViaEstimation.AreaEstimation
Psike/Estimation/Overview.md, Psike.Estimation.ViaEstimation.AreaEstimation.AreaCompletionEstimation
Psike/Estimation/Overview.md, Psike.Estimation.ViaEstimation.LineDistanceEstimation
Psike/Estimation/Overview.md, Psike.Estimation.ViaEstimation.TimeEstimation
Psike/Event/Overview.md, Psike.Event
Psike/Judgement/LandJudgement.md, Psike.Judgement
Psike/Judgement/LandJudgement.md, Psike.Logic.Boolean
Psike/Judgement/LandJudgement.md, Psike.Logic.Deduction
Psike/Judgement/LandJudgement.md, Psike.Logic.Induction
Psike/Judgement/LandJudgement.md, Psike.Logic.Overview
Psike/Learning/Overview.md, Psike.Learning.Feedback
Psike/Learning/Overview.md, Psike.Learning.Overview
Psike/Learning/Overview.md, Psike.Learning.Recall
Psike/Learning/Overview.md, Psike.Learning.Recall.NonverbalRecall
Psike/Learning/Overview.md, Psike.Learning.Review
Psike/Memory/Overview.md, Psike.Memory
Psike/Memory/Overview.md, Psike.Memory.Mnemonic
Psike/Mindfulness/MindfulBreathing.md, Psike.Meditation
Psike/Mindfulness/MindfulBreathing.md, Psike.NonDual
Psike/NeuroOverview.md, Psike.CognitiveEase
Psike/NeuroOverview.md, Psike.CognitiveEase.Clarity
Psike/NeuroOverview.md, Psike.CognitiveEase.FeelsEffortless
Psike/NeuroOverview.md, Psike.CognitiveEase.FeelsFamiliar
Psike/NeuroOverview.md, Psike.CognitiveEase.FeelsGood
Psike/NeuroOverview.md, Psike.CognitiveEase.FeelsTrue
Psike/NeuroOverview.md, Psike.CognitiveEase.Good
Psike/NeuroOverview.md, Psike.CognitiveEase.Priming
Psike/NeuroOverview.md, Psike.CognitiveEase.Repetition
Psike/NeuroOverview.md, Psike.Difficulty
Psike/NeuroOverview.md, Psike.Difficulty.NeuroComplexity
Psike/NeuroOverview.md, Psike.Difficulty.NeuroIntensity
Psike/NeuroOverview.md, Psike.Difficulty.NeuroRisk
Psike/NeuroOverview.md, Psike.FlowState
Psike/NeuroOverview.md, Psike.Music
Psike/NeuroOverview.md, Psike.NeuroDifficulty.NeuroComplexity
Psike/NeuroOverview.md, Psike.NeuroDifficulty.NeuroIntensity
Psike/NeuroOverview.md, Psike.NeuroDifficulty.NeuroRisk
Psike/NeuroOverview.md, Psike.NeuroDifficulty.Overview
Psike/NeuroOverview.md, Psike.NeuroError
Psike/NeuroOverview.md, Psike.NeuroEvent
Psike/NeuroOverview.md, Psike.NeuroName
Psike/NeuroOverview.md, Psike.NeuroQuestion
Psike/NeuroOverview.md, Psike.Overview
Psike/NeuroOverview.md, Psike.PatternRecognition
Psike/NeuroOverview.md, Psike.Proprioception
Psike/NeuroOverview.md, Psike.Rehearsal
Psike/NeuroOverview.md, Psike.SpatialSense
Psike/NeuroOverview.md, Psike.State
Psike/NeuroOverview.md, Psike.State.Arousal
Psike/NeuroOverview.md, Psike.State.EmotionalState
Psike/NeuroOverview.md, Psike.State.EnergyState
Psike/NeuroOverview.md, Psike.Stress.TooManyOptions
Psike/NeuroOverview.md, Psike.Thermoception
Psike/NeuroOverview.md, Psike.Time
Psike/NeuroOverview.md, Psike.Visualization
Psike/SpatialCognition/Overview.md, Psike.Alignment
Psike/SpatialCognition/Overview.md, Psike.Alignment.AlignmentRange
Psike/SpatialCognition/Overview.md, Psike.Alignment.AlignOn()
Psike/SpatialCognition/Overview.md, Psike.Alignment.LineExtension
Psike/SpatialCognition/Overview.md, Psike.Alignment.OptimalAlignment
Psike/SpatialCognition/Overview.md, Psike.Alignment.Parallel
Psike/SpatialCognition/Overview.md, Psike.Alignment.Perpendicular
Psike/SpatialCognition/Overview.md, Psike.Chunking
Psike/SpatialCognition/Overview.md, Psike.Chunking.Fraction
Psike/SpatialCognition/Overview.md, Psike.Orientation
Psike/SpatialCognition/Overview.md, Psike.Orientation.ToCache
Psike/SpatialCognition/Overview.md, Psike.Orientation.ToCardinalDirection
Psike/SpatialCognition/Overview.md, Psike.Orientation.ToPieceBack
Psike/SpatialCognition/Overview.md, Psike.Orientation.ToRoad
Psike/SpatialCognition/Overview.md, Psike.Orientation.ToTarget
Psike/Time/Planning.md, Psike.Planning
Psike/Time/Planning.md, Psike.Planning.Prediction
RefOverview.md, Reference.Overview
Via/CoverAlgorithm/Overview.md, Via.AreaCover.AreaBoundary.BoundaryLine
Via/CoverAlgorithm/Overview.md, Via.AreaCover.AreaBoundary.BoundaryPoint
Via/CoverAlgorithm/Overview.md, Via.AreaCover.AreaBoundary.SideBoundary
Via/CoverAlgorithm/Overview.md, Via.AreaCover.AreaDefinition
Via/CoverAlgorithm/Overview.md, Via.AreaCover.BagUpArtithmetic
Via/CoverAlgorithm/Overview.md, Via.AreaCover.BoustroCover
Via/CoverAlgorithm/Overview.md, Via.AreaCover.CircleCover
Via/CoverAlgorithm/Overview.md, Via.AreaCover.CircleCover.CircleSegmentCover
Via/CoverAlgorithm/Overview.md, Via.AreaCover.CircleCover.SemicircleCover
Via/CoverAlgorithm/Overview.md, Via.AreaCover.DiamondCover
Via/CoverAlgorithm/Overview.md, Via.AreaCover.Overview
Via/CoverAlgorithm/Overview.md, Via.AreaCover.PenroseCover
Via/CoverAlgorithm/Overview.md, Via.AreaCover.SimplifyAreaShape
Via/CoverAlgorithm/Overview.md, Via.AreaCover.SquareCover
Via/CoverAlgorithm/Overview.md, Via.AreaCover.TrapezoidCover
Via/CoverAlgorithm/Overview.md, Via.AreaCover.TriangleCover
Via/CoverAlgorithm/Overview.md, Via.Chunking
Via/CoverAlgorithm/Overview.md, Via.Chunking.ChunkNaming
Via/CoverAlgorithm/Overview.md, Via.Chunking.ChunkPair
Via/CoverAlgorithm/Overview.md, Via.Chunking.ChunkTriplet
Via/CoverAlgorithm/Overview.md, Via.Chunking.Fraction.FirstQuarterVia
Via/CoverAlgorithm/Overview.md, Via.Chunking.Fraction.HalfVia.Overview
Via/CoverAlgorithm/Overview.md, Via.Chunking.Fraction.LastQuarterVia
Via/CoverAlgorithm/Overview.md, Via.Chunking.Fraction.QuarterVia.Overview
Via/CoverAlgorithm/Overview.md, Via.Chunking.Fraction.SecondQuarterVia
Via/CoverAlgorithm/Overview.md, Via.Chunking.Fraction.ThirdQuarterVia
Via/CoverAlgorithm/Overview.md, Via.Chunking.Landmark
Via/CoverAlgorithm/Overview.md, Via.Chunking.Tessellation
Via/CoverAlgorithm/Overview.md, Via.PieceCover.AreaCover
Via/CoverAlgorithm/Overview.md, Via.PieceCover.BackCover
Via/CoverAlgorithm/Overview.md, Via.PieceCover.OpenEndedCover
Via/CoverAlgorithm/Overview.md, Via.PieceCover.Overview
Via/CoverAlgorithm/Overview.md, Via.PieceCover.PerimeterCover
Via/CoverAlgorithm/Overview.md, Via.PieceCover.PocketCover
Via/CoverAlgorithm/Overview.md, Via.PieceCover.StraightenCover
Via/CoverAlgorithm/Overview.md, Via.PieceCover.TypewriterCover
Via/Marka/Overview.md, Via.Marka.BoundaryMarka
Via/Marka/Overview.md, Via.Marka.MarkaLine.MarkaLineIn
Via/Marka/Overview.md, Via.Marka.MarkaLine.MarkaLineIn.StartPoint
Via/Marka/Overview.md, Via.Marka.MarkaSite
Via/Marka/Overview.md, Via.Marka.HighMarka
Via/Marka/Overview.md, Via.Marka.LineInMarka
Via/Marka/Overview.md, Via.Marka.LowMarka
Via/Marka/Overview.md, Via.Marka.Overview
Via/Marka/Overview.md, Via.Marka.TrenchExitMarka
Via/Marka/Overview.md, Via.Marka.WastedMarka
Via/ObstacleCover/Overview.md, Via.ObstacleCover.ObstacleClusterCover
Via/ObstacleCover/Overview.md, Via.ObstacleCover.Overview
Via/Line/Overview.md, Via.ViaGeometry.Line.AdvancingMove
Via/Line/Overview.md, Via.ViaGeometry.Line.BagUpLine
Via/Line/Overview.md, Via.ViaGeometry.Line.BeeLine
Via/Line/Overview.md, Via.ViaGeometry.Line.BoundaryLine.ArtificialBoundaryLine
Via/Line/Overview.md, Via.ViaGeometry.Line.BoundaryLine.NaturalBoundaryLine
Via/Line/Overview.md, Via.ViaGeometry.Line.CircumventLine
Via/Line/Overview.md, Via.ViaGeometry.Line.Eddy
Via/Line/Overview.md, Via.ViaGeometry.Line.GhostLine
Via/Line/Overview.md, Via.ViaGeometry.Line.LineIn
Via/Line/Overview.md, Via.ViaGeometry.Line.Overview
Via/Line/Overview.md, Via.ViaGeometry.Line.ParallelLine
Via/Line/Overview.md, Via.ViaGeometry.Line.PerimeterLine
Via/Line/Overview.md, Via.ViaGeometry.Line.ViaDisplacementLine
Via/Line/Overview.md, Via.ViaGeometry.Line.ViaDistanceLine
Via/Line/Overview.md, Via.ViaGeometry.Line.ViaDistanceLine.ViaCircuitLine
Via/Line/Overview.md, Via.ViaGeometry.Line.ViaLinearLine
Via/Line/Overview.md, Via.ViaGeometry.Line.ViaLineOfBestFit
Via/Line/Overview.md, Via.ViaGeometry.Line.ViaLineOverlap
Via/Line/Overview.md, Via.ViaGeometry.Line.ViaMirrorLine
Via/Line/Overview.md, Via.ViaGeometry.Line.ViaReferenceLine
Via/Line/Overview.md, Via.ViaGeometry.Line.ViaTrackingLine.Overview
Via/Line/Overview.md, Via.ViaGeometry.Line.SpiralLine
Via/Line/Overview.md, Via.ViaGeometry.Line.ZigzagLine
Via/ViaDifficulty.md, Via.Difficulty
Via/ViaDifficulty.md, Via.Difficulty.ViaComplexity
Via/ViaDifficulty.md, Via.Difficulty.ViaIntensity
Via/ViaDifficulty.md, Via.Difficulty.ViaRisk
Via/ViaDifficulty.md, Via.ViaDifficulty.Overview
Via/ViaDifficulty.md, Via.ViaDifficulty.ViaComplexity
Via/ViaDifficulty.md, Via.ViaDifficulty.ViaIntensity
Via/ViaDifficulty.md, Via.ViaDifficulty.ViaRisk
Via/ViaOverview.md, Psike.Vision
Via/ViaOverview.md, Psike.Vision.Find.BackLine
Via/ViaOverview.md, Psike.Vision.Find.FarSide
Via/ViaOverview.md, Psike.Vision.Find.FindFirstBagUp
Via/ViaOverview.md, Psike.Vision.Find.Marka
Via/ViaOverview.md, Psike.Vision.Find.Overview
Via/ViaOverview.md, Psike.Vision.Hidden
Via/ViaOverview.md, Psike.Vision.SeenFromCache
Via/ViaOverview.md, Via.Direction
Via/ViaOverview.md, Via.Overview
Via/ViaOverview.md, Via.ReadLand
Via/ViaOverview.md, Via.ViaAnalysis
Via/ViaOverview.md, Via.ViaDirection.ViaDownSlope
Via/ViaOverview.md, Via.ViaDirection.ViaTraverseSlope
Via/ViaOverview.md, Via.ViaDirection.ViaUpSlope
Via/ViaOverview.md, Via.ViaError
Via/ViaOverview.md, Via.ViaError.Deadwalking
Via/ViaOverview.md, Via.ViaError.PinchedArea
Via/ViaOverview.md, Via.ViaError.RedundantVia
Via/ViaOverview.md, Via.ViaError.TooClose
Via/ViaOverview.md, Via.ViaError.TooFar
Via/ViaOverview.md, Via.ViaEvent
Via/ViaOverview.md, Via.ViaEvent.AreaClosed
Via/ViaOverview.md, Via.ViaEvent.CompletionEvent
Via/ViaOverview.md, Via.ViaEvent.PositionEvent
Via/ViaOverview.md, Via.ViaGrid
Via/ViaOverview.md, Via.ViaGrid.ViaHexagonGrid
Via/ViaOverview.md, Via.ViaGrid.ViaSquareGrid
Via/ViaOverview.md, Via.ViaGrid.ViaTriangleGrid
Via/ViaOverview.md, Via.ViaName
Via/ViaOverview.md, Via.ViaAttributes.Overview
Via/ViaOverview.md, Via.ViaAttributes.ViaAccuracy
Via/ViaOverview.md, Via.ViaAttributes.ViaLength
Via/ViaOverview.md, Via.ViaAttributes.ViaPermutation
Via/ViaOverview.md, Via.ViaAttributes.ViaPrecision
Via/ViaOverview.md, Via.ViaAttributes.ViaTreeCount
Via/ViaOverview.md, Via.ViaQuestion
Via/ViaOverview.md, Via.ViaShape
Via/ViaOverview.md, Via.ViaShape.ViaNegativeShape
Via/ViaOverview.md, Via.ViaSuperposition
Via/ViaPoint/Overview.md, Via.ViaGeometry.ViaPoint.CenterPoint
Via/ViaPoint/Overview.md, Via.ViaGeometry.ViaPoint.DeadEndPoint
Via/ViaPoint/Overview.md, Via.ViaGeometry.ViaPoint.MarkaSite
Via/ViaPoint/Overview.md, Via.ViaGeometry.ViaPoint.Landmark
Via/ViaPoint/Overview.md, Via.ViaGeometry.ViaPoint.Microsite.MicrositeSelection
Via/ViaPoint/Overview.md, Via.ViaGeometry.ViaPoint.Microsite.MicrositeStrikeLine
Via/ViaPoint/Overview.md, Via.ViaGeometry.ViaPoint.Microsite.MicrositeValidation
Via/ViaPoint/Overview.md, Via.ViaGeometry.ViaPoint.Microsite.Overview
Via/ViaPoint/Overview.md, Via.ViaGeometry.ViaPoint.Microsite.PlantedMicrosite
Via/ViaPoint/Overview.md, Via.ViaGeometry.ViaPoint.Microsite.PotentialMicrosite
Via/ViaPoint/Overview.md, Via.ViaGeometry.ViaPoint.MidPoint
Via/ViaPoint/Overview.md, Via.ViaGeometry.ViaPoint.Overview
Via/ViaPoint/Overview.md, Via.ViaGeometry.ViaPoint.ReferencePoint
Via/ViaPoint/Overview.md, Via.ViaGeometry.ViaPoint.ReflectionPoint
Via/ViaPoint/Overview.md, Via.ViaGeometry.ViaPoint.ViaConvergencePoint
Via/ViaPoint/Overview.md, Via.ViaGeometry.ViaPoint.ViaDivergencePoint
Via/ViaPoint/Overview.md, Via.ViaGeometry.ViaPoint.ViaFinishPoint
Via/ViaPoint/Overview.md, Via.ViaGeometry.ViaPoint.ViaRefractionPoint
Via/ViaPoint/Overview.md, Via.ViaGeometry.ViaPoint.ViaStartPoint
Via/ViaPoint/Overview.md, Via.ViaGeometry.ViaPoint.TargetPoint
Via/ViaPoint/Overview.md, Via.ViaGeometry.ViaPoint.VertexPoint
Via/ViaSequence/Overview.md, Via.ViaComposition.Overview
Via/ViaSequence/Overview.md, Via.ViaComposition.ViaAddition
Via/ViaSequence/Overview.md, Via.ViaComposition.ViaAdjustment.ViaMajorAdjustment
Via/ViaSequence/Overview.md, Via.ViaComposition.ViaAdjustment.ViaMinorAdjustment
Via/ViaSequence/Overview.md, Via.ViaComposition.ViaSelection
Via/ViaSequence/Overview.md, Via.ViaComposition.ViaSelection.AlternativeVia
Via/ViaSequence/Overview.md, Via.ViaComposition.ViaSelection.ForcedVia
Via/ViaSequence/Overview.md, Via.ViaComposition.ViaSelection.ViaComparison
Via/ViaSequence/Overview.md, Via.ViaCrux
Via/ViaSequence/Overview.md, Via.ViaSequence
Via/ViaSequence/Overview.md, Via.ViaSequence.AreaCoverFrase.Overview
Via/ViaSequence/Overview.md, Via.ViaSequence.AreaCoverFrase.ViaShapeInscription.Overview
Via/ViaSequence/Overview.md, Via.ViaSequence.AreaCoverFrase.ViaShapeInscription.ViaCircleInscription
Via/ViaSequence/Overview.md, Via.ViaSequence.AreaCoverFrase.ViaShapeInscription.ViaSquareInscription
Via/ViaSequence/Overview.md, Via.ViaSequence.AreaCoverFrase.ViaShapeInscription.ViaTriangleInscription
Via/ViaSequence/Overview.md, Via.ViaSequence.BagUpFrase
Via/ViaSequence/Overview.md, Via.ViaSequence.CurrentMicrosite
Via/ViaSequence/Overview.md, Via.ViaSequence.MarkaMove
Via/ViaSequence/Overview.md, Via.ViaSequence.HoleMove
Via/ViaSequence/Overview.md, Via.ViaSequence.LookAt.Marka
Via/ViaSequence/Overview.md, Via.ViaSequence.LookAt.HoleMove
Via/ViaSequence/Overview.md, Via.ViaSequence.MicrositeSelection
Via/ViaSequence/Overview.md, Via.ViaSequence.PostMicrosite
Via/ViaSequence/Overview.md, Via.ViaSequence.PostMicrositeAnteMicrosite
Via/ViaSequence/Overview.md, Via.ViaSequence.RedRotFrase
Via/ViaSequence/Overview.md, Via.ViaSequence.ViaCycle
Via/ViaSequence/Overview.md, Via.ViaSequence.ViaCycle.DoUntil
Via/ViaSequence/Overview.md, Via.ViaSequence.ViaCycle.DoWhile
Via/ViaSequence/Overview.md, Via.ViaSequence.ViaSequenceVariation
Via/ViaSequence/Overview.md, Via.ViaSequence.ViaShapeFrase.ViaShapeOverlap
Via/ViaSequence/Overview.md, Via.ViaSequence.ViaSpaceFrase.ViaSpaceOverlap
Via/ViaSequence/Overview.md, Via.ViaSequence.ContactFrase
Via/ViaSequence/Overview.md, Via.ViaSequence.ContactFrase.AnteContact
Via/ViaSequence/Overview.md, Via.ViaSequence.ContactFrase.CurrentContact
Via/ViaSequence/Overview.md, Via.ViaSequence.ContactFrase.PostContact
Via/ViaSpace/Overview.md, Via.ViaGeometry.ViaSpace.Overview
Via/ViaSpace/Overview.md, Via.ViaGeometry.ViaSpace.ViaNegativeSpace
Via/ViaSpace/Overview.md, Via.ViaGeometry.ViaSpace.ViaRangeOfLoadingAngles
Via/ViaSpace/Overview.md, Via.Spacing.ClosestTree
Via/ViaSpace/Overview.md, Via.Spacing.ContiguousTree
Via/ViaSpace/Overview.md, Via.Spacing.DripLine
Via/ViaSpace/Overview.md, Via.Spacing.ElasticSpacing
Via/ViaSpace/Overview.md, Via.Spacing.ElasticSpacing.AbsoluteDisplacement
Via/ViaSpace/Overview.md, Via.Spacing.ElasticSpacing.RelativeDisplacement
Via/ViaSpace/Overview.md, Via.Spacing.MaximumSpacing
Via/ViaSpace/Overview.md, Via.Spacing.MinimumSpacing
Via/ViaSpace/Overview.md, Via.Spacing.OptimalSpacing
Via/ViaSpace/Overview.md, Via.Spacing.Overview
Via/ViaSpace/Overview.md, Via.Spacing.SlopedSpacing
Via/Contact/Overview.md, Via.ViaGeometry.Contact.LogSurface
Via/Contact/Overview.md, Via.ViaGeometry.Contact.Overview
Via/Contact/Overview.md, Via.ViaGeometry.Contact.RockSurface
Via/Contact/Overview.md, Via.ViaGeometry.Contact.Texture
Via/Contact/Overview.md, Via.ViaGeometry.Contact.WetSurface
Via/Contact/Overview.md, Via.ViaGeometry.Contact.Overview
Via/Contact/Overview.md, Via.ViaGeometry.Contact.ViaHiddenSurface
Via/Contact/Overview.md, Via.ViaGeometry.Contact.ContactDensity
Via/Contact/Overview.md, Via.ViaGeometry.Contact.ContactLine
Via/Contact/Overview.md, Via.ViaGeometry.Contact.ContactAttributes.ContactSize
Via/Contact/Overview.md, Via.ViaGeometry.Contact.ContactAttributes.ContactTexture
Via/Contact/Overview.md, Via.ViaGeometry.Contact.ContactShape
Via/TeamPlant/Overview.md, Via.TeamCover.BouncingCover
Via/TeamPlant/Overview.md, Via.TeamCover.CrossingCover
Via/TeamPlant/Overview.md, Via.TeamCover.FollowCover
Via/TeamPlant/Overview.md, Via.TeamCover.Overview
tutorials/Overview.md, Test.LabelDiagram
tutorials/Overview.md, Tests.BetaDecomposition
tutorials/Overview.md, Tests.FillInBlank
tutorials/Overview.md, Tests.IncreasingDifficulty
tutorials/Overview.md, Tests.MatchingTest
tutorials/Overview.md, Tests.MoveDecomposition
tutorials/Overview.md, Tests.MoveTest.VideoAnswer
tutorials/Overview.md, Tests.MultipleChoiceTest
tutorials/Overview.md, Tests.Overview
tutorials/Overview.md, Tests.Recall.Recall.RecallBetaDiagram
tutorials/Overview.md, Tests.ViaDecomposition
tutorials/Overview.md, Tests.ContactHighlight
tutorials/Overview.md, Tests.Senario
tutorials/Overview.md, Tests.Sequencing

